Real Center,Imag Center,Radius
-4.000000,1.002002,0.063309
-4.000000,-1.002002,0.063309