Real Center,Imag Center,Radius
-0.200000,1.020202,0.202020
-0.200000,-1.020202,0.202020