Real Center,Imag Center,Radius
1.000000,1.002002,0.063309
1.000000,-1.002002,0.063309