Real Center,Imag Center,Radius
-2.000000,1.002002,0.063309
-2.000000,-1.002002,0.063309