Real Center,Imag Center,Radius
-0.000000,1.000200,0.020002
0.000000,-1.000200,0.020002