Real Center,Imag Center,Radius
-0.000000,1.666667,1.333333
0.000000,-1.666667,1.333333