Real Center,Imag Center,Radius
0.000000,4.888889,2.810913
-0.000000,-4.888889,2.810913