Real Center,Imag Center,Radius
4.000800,0.000000,0.080008
-4.000800,-0.000000,0.080008