Real Center,Imag Center,Radius
1.000200,0.000000,0.020002
-1.000200,-0.000000,0.020002