Real Center,Imag Center,Radius
-0.000000,4.000800,0.080008
0.000000,-4.000800,0.080008