Real Center,Imag Center,Radius
4.888889,0.000000,2.810913
-4.888889,-0.000000,2.810913